insert into public.property (id, name, value) values (1, 'START_TIME', 8);
insert into public.property (id, name, value) values (2, 'END_TIME', 22);

insert into public.table_food (table_nr, seats, window_view, floor, id) values (1, 5, 'true', 0, 'a8634d41-4185-4e96-8512-54e410782780');
insert into public.table_food (table_nr, seats, window_view, floor, id) values (2, 5, 'true', 0, '2d86d8cb-b06a-4cf5-a68f-9ada3178157a');
insert into public.table_food (table_nr, seats, window_view, floor, id) values (3, 5, 'false', 0, '0de8e99d-133e-4d8a-91b9-f9a3e7e94be7');
insert into public.table_food (table_nr, seats, window_view, floor, id) values (4, 5, 'false', 0, '1cbaca95-e4ce-422c-9e6c-8a31480f163d');
insert into public.table_food (table_nr, seats, window_view, floor, id) values (5, 12, 'true', 1, '23616397-240d-49f3-bc3c-33cbca48f1ef');
insert into public.table_food (table_nr, seats, window_view, floor, id) values (6, 12, 'true', 1, '70d737a2-6ec4-41cb-8d82-3da26c0b0573');

insert into public.ingredient (name, id) values ('sunca', '91fc4ffb-7d54-4bc5-b93c-dfa99036ae4f');
insert into public.ingredient (name, id) values ('ciuperci', '4ad85875-b880-46bd-8c77-b4521670fc3e');
insert into public.ingredient (name, id) values ('porumb', '9d86575e-1c03-4185-8bf7-221069fcb5ab');
insert into public.ingredient (name, id) values ('ananas', '8674bf76-0522-4006-95d0-91a4a622980e');
insert into public.ingredient (name, id) values ('afine', 'e1e6b567-a9b1-4add-852f-9bf190edee5b');
insert into public.ingredient (name, id) values ('branza de vaca', 'aa983db1-8e7f-471c-ac3f-87a49d484475');
insert into public.ingredient (name, id) values ('zmeura', 'fd015f97-b79a-4118-855e-cf3044260fad');
insert into public.ingredient (name, id) values ('rosii', 'bad1053c-8f0b-42b6-b6fb-372b9cd5e5c0');
insert into public.ingredient (name, id) values ('cascaval', '04394f0e-362c-4655-8358-0c495e246017');
insert into public.ingredient (name, id) values ('salam', '4805b6d4-6b70-4233-b824-7215e1a6da91');
insert into public.ingredient (name, id) values ('cartofi chips', 'a670065b-84d9-4f80-b1b9-713226687198');
insert into public.ingredient (name, id) values ('salata', '1f2d76e3-ce0e-449f-ae36-33c95e89dc48');
insert into public.ingredient (name, id) values ('crenvursti', '243ea7d6-71e4-48b9-afb7-7948d9e9de2a');
insert into public.ingredient (name, id) values ('bagheta', '08f270ae-d7ff-4650-9573-07abdceaa106');
insert into public.ingredient (name, id) values ('croissant', '4748dd33-787b-4da0-81f7-44f8d29251b5');
insert into public.ingredient (name, id) values ('castraveti', '7c6b51ec-e284-4c5c-99b7-91437ac21a20');
insert into public.ingredient (name, id) values ('faina de ovaz', 'fd5ce9aa-e1e3-4aa8-9b75-a64c2b66dcad');
insert into public.ingredient (name, id) values ('miere', 'a6499eff-96dc-4d3d-8312-1df96fc6ddde');
insert into public.ingredient (name, id) values ('pui', '4771548f-0873-4ec2-aa18-fe7e3091df59');
insert into public.ingredient (name, id) values ('somon', 'fe5633e5-1d24-4fe2-8575-640fec0a1461');
insert into public.ingredient (name, id) values ('cartof', '0a020b5b-9cb2-4637-9415-8cab6116cfb9');
insert into public.ingredient (name, id) values ('ceafa de porc', '373d3be8-019d-4d22-8a39-155e0eb8e55f');
insert into public.ingredient (name, id) values ('branza', '264b979a-be09-4ffe-8837-6bfffa2014c9');
insert into public.ingredient (name, id) values ('chifla', 'd39b1fdb-c3ef-4e18-955c-1a76102aebf2');
insert into public.ingredient (name, id) values ('chiftea de porc', '57418cea-726e-4f3f-972d-7c6518b0716a');

insert into public.menu_item_type (type, id) values ('Pizza', 'e4940d8e-edff-483f-b0b0-601e87a55061');
insert into public.menu_item_type (type, id) values ('Desert', 'c3a0c547-feea-46ee-8e21-a174c79963ea');
insert into public.menu_item_type (type, id) values ('Sandwich', '8c02edf9-8284-4974-85ed-ce7b74e42cda');
insert into public.menu_item_type (type, id) values ('Felul principal', '938e1437-f072-4e71-be75-826a26a52773');
insert into public.menu_item_type (type, id) values ('Garnitura', '3a9391b7-96c3-4490-8d11-81054402da44');
insert into public.menu_item_type (type, id) values ('Meniu', 'afa09665-be97-46f5-b062-262b12bc14dc');

insert into public.menu_item (name, description, preparation_duration_in_minutes, price, menu_item_type_id, id) values ('Pizza Calzone', 'De fapt e Prosciuto e funghi!', 60, 14, 'e4940d8e-edff-483f-b0b0-601e87a55061', '71cfb0b8-6271-4a41-915c-bc5df828fdce');
insert into public.menu_item (name, description, preparation_duration_in_minutes, price, menu_item_type_id, id) values ('Pizza Hawai', 'Nu te gandi la ce cald si bine e acolo, acum ai ocazia sa simti aroma hawaiana.', 60, 17, 'e4940d8e-edff-483f-b0b0-601e87a55061', 'b7175db2-9335-468f-9fdd-369559b01eb7');
insert into public.menu_item (name, description, preparation_duration_in_minutes, price, menu_item_type_id, id) values ('Tort cu afine', 'Tort cu blat pufos invelit in branza de vaca si afine.', 5, 10, 'c3a0c547-feea-46ee-8e21-a174c79963ea', '9da75be1-f936-4b6d-bb80-1b174a0a4e6b');
insert into public.menu_item (name, description, preparation_duration_in_minutes, price, menu_item_type_id, id) values ('Gogosi', '4 gogosi pufoase', 5, 20, 'c3a0c547-feea-46ee-8e21-a174c79963ea', '5b1efa44-9f08-4f51-8719-a8179f7ff5b6');
insert into public.menu_item (name, description, preparation_duration_in_minutes, price, menu_item_type_id, id) values ('Sandwich cu sunca', '', 10, 20, '8c02edf9-8284-4974-85ed-ce7b74e42cda', 'f2e2c1df-80e3-4e63-9a52-5d6c83f7a88e');
insert into public.menu_item (name, description, preparation_duration_in_minutes, price, menu_item_type_id, id) values ('Sandwich cu salam', '', 10, 18, '8c02edf9-8284-4974-85ed-ce7b74e42cda', '81060e19-9350-4470-af39-f8f329341372');
insert into public.menu_item (name, description, preparation_duration_in_minutes, price, menu_item_type_id, id) values ('Piadina cu salam picant', '', 20, 15, '8c02edf9-8284-4974-85ed-ce7b74e42cda', '911ea710-943f-4de1-bf22-44cbd118fb09');
insert into public.menu_item (name, description, preparation_duration_in_minutes, price, menu_item_type_id, id) values ('Hot Dog', '', 5, 5, '8c02edf9-8284-4974-85ed-ce7b74e42cda', '2976ee77-8feb-4161-b67c-6eb00c5852fd');
insert into public.menu_item (name, description, preparation_duration_in_minutes, price, menu_item_type_id, id) values ('Croissant tip sandwich', '', 10, 21, '8c02edf9-8284-4974-85ed-ce7b74e42cda', '209251ce-096e-4b7e-8342-f364adc625b4');
insert into public.menu_item (name, description, preparation_duration_in_minutes, price, menu_item_type_id, id) values ('Biscuiti cu ovaz', '6 biscuiti deliciosi', 5, 14, 'c3a0c547-feea-46ee-8e21-a174c79963ea', '879e82ae-4d85-4064-bf46-91635be6e435');
insert into public.menu_item (name, description, preparation_duration_in_minutes, price, menu_item_type_id, id) values ('Crispy chicken', '6 bucati de pui crocante, numai bune de devorat', 20, 18, '938e1437-f072-4e71-be75-826a26a52773', '644bf727-b7c1-4193-9b96-5a5eaad1441d');
insert into public.menu_item (name, description, preparation_duration_in_minutes, price, menu_item_type_id, id) values ('Somon', '', 30, 28, '938e1437-f072-4e71-be75-826a26a52773', 'f1a0cf75-6c38-49f4-b068-0697aea02174');
insert into public.menu_item (name, description, preparation_duration_in_minutes, price, menu_item_type_id, id) values ('Cartofi aurii', '', 15, 8, '3a9391b7-96c3-4490-8d11-81054402da44', 'd1cdfb9e-672c-46d6-a875-a7d3416b391e');
insert into public.menu_item (name, description, preparation_duration_in_minutes, price, menu_item_type_id, id) values ('Cartofi copti', '', 30, 10, '3a9391b7-96c3-4490-8d11-81054402da44', 'bfe2acae-6068-480f-896c-936ca8e45718');
insert into public.menu_item (name, description, preparation_duration_in_minutes, price, menu_item_type_id, id) values ('Burger de porc cu cartofi', '', 20, 25, 'afa09665-be97-46f5-b062-262b12bc14dc', 'a93bb2c7-cc9d-4065-b138-4c5b99d08be1');
insert into public.menu_item (name, description, preparation_duration_in_minutes, price, menu_item_type_id, id) values ('Burger de porc', '', 15, 20, '8c02edf9-8284-4974-85ed-ce7b74e42cda', '92e95690-ba90-4124-9456-bf57c8b73a5d');
insert into public.menu_item (name, description, preparation_duration_in_minutes, price, menu_item_type_id, id) values ('Ceafa de porc cu legume', '', 30, 18, 'afa09665-be97-46f5-b062-262b12bc14dc', '4251dea5-64d0-40bd-87ba-94985b872825');
insert into public.menu_item (name, description, preparation_duration_in_minutes, price, menu_item_type_id, id) values ('Pizza diavola', '', 50, 15, 'e4940d8e-edff-483f-b0b0-601e87a55061', '48c609e5-b351-444a-ae3d-e7a5ed8d1e75');
