insert into public.property (id, name, value) values (1, 'START_TIME', 8);
insert into public.property (id, name, value) values (2, 'END_TIME', 22);

insert into public.table_food (table_nr, seats, window_view, floor, id) values (1, 5, 'true', 0, 'a8634d41-4185-4e96-8512-54e410782780');
insert into public.table_food (table_nr, seats, window_view, floor, id) values (2, 5, 'true', 0, '2d86d8cb-b06a-4cf5-a68f-9ada3178157a');
insert into public.table_food (table_nr, seats, window_view, floor, id) values (3, 5, 'false', 0, '0de8e99d-133e-4d8a-91b9-f9a3e7e94be7');
insert into public.table_food (table_nr, seats, window_view, floor, id) values (4, 5, 'false', 0, '1cbaca95-e4ce-422c-9e6c-8a31480f163d');
insert into public.table_food (table_nr, seats, window_view, floor, id) values (5, 12, 'true', 1, '23616397-240d-49f3-bc3c-33cbca48f1ef');
insert into public.table_food (table_nr, seats, window_view, floor, id) values (6, 12, 'true', 1, '70d737a2-6ec4-41cb-8d82-3da26c0b0573');

insert into public.ingredient (name, id) values ('sunca', 'cf21d862-c4c5-4e27-bc34-330d35ea3a06');
insert into public.ingredient (name, id) values ('ciuperci', '2de9a361-7f26-433e-bff8-373b87155d7e');
insert into public.ingredient (name, id) values ('porumb', 'b4c5887a-944a-4984-9b4f-a03bc1813c60');
insert into public.ingredient (name, id) values ('bacon', '0e9ca551-90a7-48fa-9c48-5f828dd44403');
insert into public.ingredient (name, id) values ('ceapa', 'caae1769-9ec8-48c4-bf27-babf9f49ff78');
insert into public.ingredient (name, id) values ('rosie', '0f6ce8b2-fb27-4791-95f2-a90ae323672e');
insert into public.ingredient (name, id) values ('vita', 'e861390b-874d-46d5-9a02-3524d521e516');
insert into public.ingredient (name, id) values ('cartofi', 'cb456692-a3a5-4068-9b65-f24f22bf478c');
insert into public.ingredient (name, id) values ('morcovi', '13b00edc-64bd-41f3-9fd6-3b291b8b2080');
insert into public.ingredient (name, id) values ('ceapa alba', '4cbd6d0d-e190-45c9-acf1-421a42c29e0a');
insert into public.ingredient (name, id) values ('mazare', 'a5c5558c-28cf-44b3-83d8-5faa65626dbf');
insert into public.ingredient (name, id) values ('pui', '50da7d13-0b4f-4fa0-820e-76a1aeda0045');
insert into public.ingredient (name, id) values ('telina', '726f81a6-65b7-4a83-aec3-794aceb552de');
insert into public.ingredient (name, id) values ('orez', '420f1808-09b0-467b-9790-e7c5d443ccc5');
insert into public.ingredient (name, id) values ('smantana', 'f243dcfd-3e05-478f-98b7-53f531fe44fc');
insert into public.ingredient (name, id) values ('salata verde', '4c6f6eaa-6121-493a-acdd-11084764490a');
insert into public.ingredient (name, id) values ('peste ton', 'ae6fe90f-6a83-4a26-b210-632c11812b44');
insert into public.ingredient (name, id) values ('masline', '27996c0a-9f10-4cce-8d52-7e5911be162b');
insert into public.ingredient (name, id) values ('ardei', '06a6b803-2458-4c68-a2bc-f5d85d7f4721');
insert into public.ingredient (name, id) values ('sos alb', 'd404d681-4a78-4f91-8ab5-d423f9a44af8');
insert into public.ingredient (name, id) values ('mozzarella', '97955724-af1a-4431-9f15-2ed410d29b53');
insert into public.ingredient (name, id) values ('parmezan', '6bc7ee64-d51d-4f6a-8363-5e083cb97962');
insert into public.ingredient (name, id) values ('crutoane', '563a5bc9-8a7c-4ef6-a5d6-a77e90d9e50b');
insert into public.ingredient (name, id) values ('creveti', '25c488b0-6882-42c6-be1c-131441cc9d27');
insert into public.ingredient (name, id) values ('legume', 'd8a5386d-6e85-4729-957b-1ae2b052f573');
insert into public.ingredient (name, id) values ('calamari', 'a12e2dba-bb40-4bf9-ae97-29ec791d7777');
insert into public.ingredient (name, id) values ('scoici', 'f03f3789-7f04-4519-8003-3605e47b423c');
insert into public.ingredient (name, id) values ('muschi de vita gril', 'f4e019e2-45a3-45c3-9d0a-0924c66e2dee');
insert into public.ingredient (name, id) values ('sos de hrean', '07c1bb6d-3214-4d52-9412-73be741d74a9');
insert into public.ingredient (name, id) values ('brie', 'fefe2519-e65e-47e3-a1aa-ce9e8474490f');
insert into public.ingredient (name, id) values ('mix ciuperci', '75fb7695-a8a7-417d-bb65-db720730cdca');
insert into public.ingredient (name, id) values ('salata', 'ed5a3752-57bd-4dba-b314-1d1ad0f35ad1');
insert into public.ingredient (name, id) values ('pastrav', '0ddcb6da-fc38-46b1-a612-c66fab08ab79');
insert into public.ingredient (name, id) values ('pesto', 'a82eafc0-de6d-4871-963b-28eec23293f3');
insert into public.ingredient (name, id) values ('porc', '322b8bb3-0fad-441e-89da-29f8db4ddd68');
insert into public.ingredient (name, id) values ('fasole', 'f60e500f-16e5-469b-95a5-209a2493c61b');
insert into public.ingredient (name, id) values ('ardei iute', 'c3c860ef-26b8-475e-89e7-29af7923a183');
insert into public.ingredient (name, id) values ('salata mix', 'e399053f-f368-48f8-8cd0-b3d28f486046');

insert into public.menu_item_type (type, id) values ('Pizza', '7e4425b7-5252-43d4-8035-ffbb6f9e3510');
insert into public.menu_item_type (type, id) values ('Supe si ciorbe', 'e8b82f96-37d0-48e6-b876-43cdd8df48c5');
insert into public.menu_item_type (type, id) values ('Salate', 'cc3ae805-ee2b-4314-9611-b8cbd42d3bc7');
insert into public.menu_item_type (type, id) values ('Sandwich', 'c5f2f58f-36df-47a6-ac4a-fab3799b1be0');

insert into public.menu_item (name, description, preparation_duration_in_minutes, price, menu_item_type_id, id) values ('Pizza Funny', '', 60, 14, '7e4425b7-5252-43d4-8035-ffbb6f9e3510', 'addb0bf0-be88-4d4a-b9a9-41270be7bb01');
insert into public.menu_item (name, description, preparation_duration_in_minutes, price, menu_item_type_id, id) values ('Pizza Rustica', '', 60, 15, '7e4425b7-5252-43d4-8035-ffbb6f9e3510', 'd2e7a4cf-9a89-4e7a-be87-a24ed00cea8e');
insert into public.menu_item (name, description, preparation_duration_in_minutes, price, menu_item_type_id, id) values ('Ciorba de pui', '', 30, 10, 'e8b82f96-37d0-48e6-b876-43cdd8df48c5', 'a315d037-a849-4358-b677-93d131d41a2c');
insert into public.menu_item (name, description, preparation_duration_in_minutes, price, menu_item_type_id, id) values ('Pizza Calzone', 'De fapt e Prosciuto e funghi!', 60, 15, '7e4425b7-5252-43d4-8035-ffbb6f9e3510', 'f7186dcb-29a4-46b8-94d6-807cd8ee8e3e');
insert into public.menu_item (name, description, preparation_duration_in_minutes, price, menu_item_type_id, id) values ('Ciorba taraneasca de vita', 'Supa ca la mama acasa!', 45, 10, 'e8b82f96-37d0-48e6-b876-43cdd8df48c5', 'd4b812c6-9787-4200-9b7c-1dae9ccfb9f4');
insert into public.menu_item (name, description, preparation_duration_in_minutes, price, menu_item_type_id, id) values ('Salata Marinarului', '', 15, 16, 'cc3ae805-ee2b-4314-9611-b8cbd42d3bc7', 'afaa70c0-bcc0-4a29-8874-b1f525b9aecf');
insert into public.menu_item (name, description, preparation_duration_in_minutes, price, menu_item_type_id, id) values ('Salata Comoara piratului', 'Descopera si tu comoara piratului', 15, 17, 'cc3ae805-ee2b-4314-9611-b8cbd42d3bc7', 'cf5768af-46cd-4886-b7d9-82d6204a4374');
insert into public.menu_item (name, description, preparation_duration_in_minutes, price, menu_item_type_id, id) values ('Supa crema cu fructe de mare', '', 45, 16, 'e8b82f96-37d0-48e6-b876-43cdd8df48c5', '190da296-d2b1-4393-b547-7f04551fb3d6');
insert into public.menu_item (name, description, preparation_duration_in_minutes, price, menu_item_type_id, id) values ('Sandwich cu muschi de vita', '', 5, 20, 'c5f2f58f-36df-47a6-ac4a-fab3799b1be0', '8c465ae9-54c1-4c7c-9498-7603864e5caf');
insert into public.menu_item (name, description, preparation_duration_in_minutes, price, menu_item_type_id, id) values ('Sandwich cu file de pastrav', '', 5, 22, 'c5f2f58f-36df-47a6-ac4a-fab3799b1be0', 'eab6c9f5-87f1-423f-a8f1-2cd76c052785');
insert into public.menu_item (name, description, preparation_duration_in_minutes, price, menu_item_type_id, id) values ('Sandwich Mexican', '', 5, 19, 'c5f2f58f-36df-47a6-ac4a-fab3799b1be0', 'efd88528-bfa2-4d32-bd6f-ae8a2dfe3d4c');
